candidate,model,fold,mse,rmse,mae,r2
1,random_forest,1,231.3261703460207,15.209410585095686,11.801853704019091,-0.12901119921418025
1,random_forest,2,71.92201519972188,8.480684830821264,5.760515040706104,-0.3147910618174503
1,random_forest,3,19.97240407526589,4.4690495718067265,3.2339922357122455,-0.0033347902683349417
1,random_forest,4,37.44795477387728,6.11947340658306,4.251580203474553,0.13198322693514897
2,random_forest,1,227.68495548177947,15.089233097867481,11.791190146771273,-0.11123987505174648
2,random_forest,2,63.360128946489695,7.959907596604982,5.672155605832659,-0.15827304036341694
2,random_forest,3,17.196430501927146,4.146857907130065,3.063186760380033,0.13611917093233694
2,random_forest,4,40.69157068054987,6.3789944882050085,4.320638407625556,0.05679853315486805
3,random_forest,1,220.32242380397014,14.843261899056088,11.559950210375762,-0.0753062809132965
3,random_forest,2,57.33936002189377,7.572275749198108,5.634575144205725,-0.048208644290187674
3,random_forest,3,14.720246729865945,3.8366973727238305,2.955532133147133,0.2605128751776685
3,random_forest,4,38.621096420393236,6.214587389392254,4.4139484968743234,0.1047906437218431
4,random_forest,1,228.00942839301212,15.099981072604432,11.802228206864541,-0.11282349851326545
4,random_forest,2,64.38216482780437,8.023849751073632,5.846349676578821,-0.17695666091934448
4,random_forest,3,16.471286936714563,4.05848332960905,3.0213633624797334,0.1725475229812533
4,random_forest,4,40.9270147144841,6.397422505547379,4.36731067099261,0.051341109063031576
5,random_forest,1,229.55095523875102,15.150939087685325,11.820993350059084,-0.12034707904946362
5,random_forest,2,64.82564961371963,8.051437735815862,5.981944314789716,-0.18506391195999194
5,random_forest,3,17.441776524400268,4.176335298368687,2.98032127924159,0.12379395464522536
5,random_forest,4,41.917681011391714,6.4743865355253325,4.502804320317507,0.028378173772752313
6,random_forest,1,231.99967618444828,15.231535581957857,11.791545442757752,-0.13229831382461743
6,random_forest,2,72.45058944684318,8.511791200848572,5.828451026363446,-0.3244538151995977
6,random_forest,3,21.033458397440988,4.586224852472999,3.3102282103416436,-0.05663797359023004
6,random_forest,4,37.32151152946452,6.109133451600523,4.2410107350138295,0.13491409078749395
7,random_forest,1,238.80354205796738,15.453269623544635,11.934153512808255,-0.16550528196689007
7,random_forest,2,78.94487530596274,8.88509286985582,6.077717793608291,-0.4431744736342471
7,random_forest,3,21.82968058354056,4.672224372131604,3.3751393104123304,-0.09663703514970212
7,random_forest,4,34.95064532319323,5.9119070800540525,4.190831412985591,0.18986907153778287
8,random_forest,1,238.7573915765038,15.451776324309895,11.984984311741036,-0.16528003978895756
8,random_forest,2,80.227577873503,8.956984865092885,5.994185986574748,-0.4666232864364048
8,random_forest,3,18.142744603215935,4.2594300796252,3.149065588685229,0.08858008366139636
8,random_forest,4,38.84710239446947,6.232744371019035,4.275489582864078,0.09955198709838764
9,random_forest,1,227.79211927359142,15.092783682064466,11.80120319850407,-0.11176289897474234
9,random_forest,2,65.15750263376825,8.072019736953587,5.899524294601205,-0.19113044643327393
9,random_forest,3,17.196466476849693,4.146862244739954,3.040299877923407,0.13611736369414806
9,random_forest,4,42.63800585218702,6.529778392272361,4.495526912256315,0.011681559828383925
10,random_forest,1,220.32242380397014,14.843261899056088,11.559950210375762,-0.0753062809132965
10,random_forest,2,57.33936002189377,7.572275749198108,5.634575144205725,-0.048208644290187674
10,random_forest,3,14.719378788589802,3.8365842605877694,2.955350689828257,0.26055647712338226
10,random_forest,4,38.73695064265402,6.223901561131411,4.416995825925701,0.10210522581958437
11,random_forest,1,224.8281032116753,14.99426901224849,11.670257338523754,-0.09729671331339507
11,random_forest,2,70.48575399384268,8.395579431691578,6.625050691069356,-0.2885350762102443
11,random_forest,3,17.234556415492406,4.151452326053186,3.153431990603556,0.13420387544028534
11,random_forest,4,40.12893001926572,6.334739933041113,4.552649587553824,0.06984014074470712
12,random_forest,1,232.18044599529227,15.23746849037898,11.817847978565352,-0.13318057950436057
12,random_forest,2,75.9783427273221,8.716555668801876,6.034422257604667,-0.3889439225553326
12,random_forest,3,18.298818107302246,4.277711784038547,3.07222084142339,0.08073956652090786
12,random_forest,4,41.336345871089726,6.429334792269705,4.502184555688477,0.04185310599805325
13,random_forest,1,233.77816549193457,15.28980593375647,11.897441568459401,-0.1409784140607091
13,random_forest,2,76.06420518166023,8.721479529395241,6.9684466112311805,-0.390513555819862
13,random_forest,3,18.55279404545338,4.307295444412118,3.2128947258000697,0.06798081731486483
13,random_forest,4,40.92664288289749,6.397393444434811,4.588105121662063,0.05134972785291969
14,random_forest,1,233.77816549193457,15.28980593375647,11.897441568459401,-0.1409784140607091
14,random_forest,2,76.0114020196198,8.718451813230363,6.9663486716891665,-0.38954827244600687
14,random_forest,3,18.429993571898432,4.293016838063698,3.219754848120437,0.07414982866246167
14,random_forest,4,40.78553328834676,6.386355242886725,4.60021573715527,0.054620547198062086
15,random_forest,1,220.32242380397014,14.843261899056088,11.559950210375762,-0.0753062809132965
15,random_forest,2,57.42589976351025,7.577987843980106,5.639239723031993,-0.049790658899391715
15,random_forest,3,14.751319056751026,3.840744596657141,2.9548169406749927,0.25895192405426315
15,random_forest,4,38.13575661060889,6.175415501050021,4.346640127715387,0.11604047293341857
16,random_forest,1,231.99967618444828,15.231535581957857,11.791545442757752,-0.13229831382461743
16,random_forest,2,72.45058944684318,8.511791200848572,5.828451026363446,-0.3244538151995977
16,random_forest,3,21.03345839744099,4.586224852473,3.3102282103416436,-0.05663797359023026
16,random_forest,4,37.32151152946452,6.109133451600523,4.2410107350138295,0.13491409078749395
17,random_forest,1,231.48614231058474,15.2146686559578,11.784097716667628,-0.12979195886313377
17,random_forest,2,73.86581996176172,8.594522672130298,5.807322646393339,-0.3503253432186484
17,random_forest,3,17.943391910519605,4.235964106377627,3.1071241987844456,0.09859477650268544
17,random_forest,4,39.48241055572406,6.283503048119262,4.285301789345218,0.08482599890053155
18,random_forest,1,230.59841965041943,15.185467383337908,11.799440939927663,-0.12545933699149825
18,random_forest,2,75.54059227368286,8.691409107485555,5.995382465029578,-0.3809414996233116
18,random_forest,3,17.50849323423371,4.184315145186092,3.058393895748757,0.12044237033840532
18,random_forest,4,41.85706111628309,6.469703325213846,4.487254916206993,0.029783299528042373
19,random_forest,1,238.9097467516717,15.456705559454502,11.996141933249348,-0.16602362491279155
19,random_forest,2,81.5091998143678,9.02824455884796,6.126726778438283,-0.4900523445321616
19,random_forest,3,17.746033329631558,4.212604103120961,3.0538253361487433,0.1085092930334316
19,random_forest,4,39.51381044590973,6.286001149054122,4.389554867326682,0.08409817193326075
20,random_forest,1,231.12579785879385,15.202822036016663,11.81738567825291,-0.12803326065342358
20,random_forest,2,73.07192804751301,8.548211979561165,5.765393343737547,-0.33581237399768304
20,random_forest,3,17.357145172154212,4.166190726809589,3.0810733980153895,0.12804549991418368
20,random_forest,4,39.88362242917932,6.315348163734073,4.300655115362959,0.0755261950043018
21,random_forest,1,240.39748558233333,15.504756869500834,12.028229186176093,-0.17328468750164738
21,random_forest,2,82.08756939793102,9.060219059047691,6.145128144357195,-0.5006253958681723
21,random_forest,3,17.633594655708766,4.199237389777907,3.0450339141808005,0.11415776844446557
21,random_forest,4,39.66400590019318,6.297936638312041,4.390650583403831,0.0806167488664109
22,random_forest,1,231.6310427238559,15.219429776567054,11.819318186070168,-0.13049916025374686
22,random_forest,2,75.7533469267851,8.703639866560719,6.117466918413791,-0.38483082218306075
22,random_forest,3,17.332802468632945,4.1632682436558115,2.9861244485128178,0.1292683813079326
22,random_forest,4,40.86861878774096,6.392856856503276,4.43787916866796,0.05269468482431927
23,random_forest,1,233.77816549193457,15.28980593375647,11.897441568459403,-0.1409784140607091
23,random_forest,2,76.01140201961981,8.718451813230363,6.9663486716891665,-0.3895482724460071
23,random_forest,3,18.429993571898432,4.293016838063698,3.219754848120437,0.07414982866246167
23,random_forest,4,40.78553328834676,6.386355242886725,4.60021573715527,0.054620547198062086
24,random_forest,1,239.15152160077537,15.464524616061606,11.983501032600712,-0.16720363196481713
24,random_forest,2,78.36056893918624,8.852150526238596,6.012689673214688,-0.4324928932270877
24,random_forest,3,20.624425643145976,4.541412296097545,3.292184771359151,-0.036089781635125995
24,random_forest,4,35.0827119928491,5.923066097288557,4.199435569983964,0.18680786071555455
25,random_forest,1,239.56398055860674,15.477854520527279,11.999494093774924,-0.16921668038865634
25,random_forest,2,81.7972537930345,9.044183423230342,6.143806386619389,-0.49531819804614097
25,random_forest,3,17.987061565151105,4.241115603841884,3.0731192955424445,0.09640098532934116
25,random_forest,4,39.56069596671077,6.289729403297948,4.392785746695832,0.08301139913846001
26,ridge,1,247.8253797505215,15.742470573277929,12.44592136377564,-0.20953729000623222
26,ridge,2,45.79051227442138,6.766868720052235,5.466830423993693,0.16291338490353813
26,ridge,3,23.63119350757269,4.861192601365707,3.815680036066684,-0.1871379375442177
26,ridge,4,46.61114555392523,6.827235571878653,5.463483608672686,-0.0804129730683607
27,ridge,1,247.82278940621538,15.742388300579279,12.44583700402519,-0.20952464756406042
27,ridge,2,45.790265894796484,6.7668505151803435,5.466801001096057,0.16291788891705516
27,ridge,3,23.63075631803967,4.861147633845291,3.8156477606054016,-0.18711597486677722
27,ridge,4,46.610438300516144,6.827183775211866,5.46344032945308,-0.08039657944084211
28,ridge,1,247.81460085653617,15.742128218780845,12.445570319039332,-0.20948468250399244
28,ridge,2,45.78948729458646,6.766792984463649,5.466707976404121,0.1629321223418838
28,ridge,3,23.629374028079265,4.861005454438337,3.8155457060074416,-0.1870465340722547
28,ridge,4,46.60820199100384,6.827019993452768,5.463303475846438,-0.08034474338789432
29,ridge,1,247.78873473409155,15.74130663998677,12.444727825715823,-0.2093584402293871
29,ridge,2,45.787030344086055,6.766611437350756,5.466413993169745,0.16297703733138014
29,ridge,3,23.6250050895554,4.860556047362833,3.81522307472128,-0.18682705583613357
29,ridge,4,46.60113238016021,6.826502206852365,5.462870779754086,-0.08018087487148629
30,ridge,1,247.7072211529349,15.738717265169194,12.442071981818772,-0.20896060480127154
30,ridge,2,45.779312584851375,6.76604113088676,5.465486199198217,0.16311812404635673
30,ridge,3,23.611211716591175,4.859136931245216,3.814203760856494,-0.18613413119281064
30,ridge,4,46.578798494400765,6.8248661887542355,5.461503204168419,-0.07966319139413813
31,ridge,1,247.45223880339563,15.730614698841098,12.433755988656598,-0.207716137183098
31,ridge,2,45.755418785077126,6.764275185493057,5.4625707558327345,0.1635549215177401
31,ridge,3,23.56781629425565,4.854669535020448,3.8109897328512994,-0.1839541163681786
31,ridge,4,46.50839375084952,6.819706280394304,5.457185830500183,-0.07803125985943016
32,ridge,1,246.67266857651097,15.705816393187302,12.408252898219901,-0.2039113644009687
32,ridge,2,45.684791807552905,6.759052582097058,5.453532353078817,0.16484603827127042
32,ridge,3,23.43278159916818,4.840741843887999,3.8011109665154836,-0.17717050599438688
32,ridge,4,46.287945697787364,6.803524505562346,5.443637588283311,-0.0729214318647402
33,ridge,1,244.44426465002493,15.634713449565519,12.334688630484575,-0.1930354095290565
33,ridge,2,45.50539815474502,6.745768907600158,5.426644081555004,0.1681254954806326
33,ridge,3,23.02659365284091,4.79860330229963,3.7713509999834116,-0.15676522596890896
33,ridge,4,45.6121034347007,6.753673328989247,5.402986487414374,-0.05725589221517424
34,ridge,1,239.08918558780138,15.462509032747608,12.153690414324725,-0.16689939463336123
34,ridge,2,45.249972141480804,6.726809952829112,5.3555301341489505,0.17279488409916466
34,ridge,3,21.92036195329098,4.681918618824016,3.6893374608263194,-0.1011925094309607
34,ridge,4,43.66923895269225,6.60827049633202,5.291784838381997,-0.012221684917110842
35,ridge,1,229.93678019729504,15.163666449684754,11.82987782848987,-0.12223013749668099
35,ridge,2,45.65994311195881,6.75721415318168,5.213528961851904,0.16530029199002705
35,ridge,3,19.5840181807237,4.425383393642148,3.4998280919449827,0.016176184903965662
35,ridge,4,39.020079534146035,6.246605440889158,5.007456035691502,0.09554250087937599
36,ridge,1,219.98627847978545,14.831934414626618,11.460921952983329,-0.07366568903819504
36,ridge,2,47.79883685764403,6.913670288467915,5.03834558612664,0.1261996303748747
36,ridge,3,16.583384231773024,4.072270157022127,3.1714688712328027,0.16691619709763494
36,ridge,4,31.98945600456528,5.6559222063749495,4.459578476318693,0.2585073192688059
37,ridge,1,212.6902850137055,14.583904998789093,11.194984518875762,-0.03805684149502109
37,ridge,2,51.095039440276175,7.14807942319307,5.052741469095978,0.06594245207488314
37,ridge,3,15.049099506717935,3.879316886607478,2.9014400345514884,0.24399260898194464
37,ridge,4,29.006260904692745,5.385746086169747,4.022741337244655,0.32765564524949675
38,ridge,1,208.36507205023992,14.434856149274225,11.053714240891944,-0.0169471941627084
38,ridge,2,54.63605465730458,7.3916205704368085,5.07998621857584,0.001209906077944356
38,ridge,3,16.237259286338563,4.029548273235918,2.8944270907570635,0.18430414890480873
38,ridge,4,34.70345036290206,5.890963449462411,4.1720570585116,0.19559887368707174
39,mean_baseline,1,204.89348702443945,14.314100985547064,10.954459561602418,-3.76589737105526e-06
39,mean_baseline,2,58.77953212843323,7.6667810799861265,5.141069248212104,-0.07453612424050227
39,mean_baseline,3,20.09615349407737,4.482873352446773,3.1632875372371174,-0.009551472882062484
39,mean_baseline,4,44.59807525864091,6.678179037630012,4.635458206271014,-0.033751445296907434
