humidity_error,temperature_error,mean_abs_prediction_shift,mse,rmse,mae,r2
-0.05,-2.0,1.6102142223949005,75.8122014685514,8.70702024050429,6.6825865358720415,0.5892346613276386
-0.05,0.0,3.198126864784423,82.12993817321417,9.062556933515738,7.181482306682182,0.555003927925046
-0.05,2.0,4.786039507173946,93.4906079975979,9.66905414182783,7.862148896249698,0.493449596332477
0.0,-2.0,1.5879126423895225,78.3943595693017,8.854058931885517,6.7480561815055085,0.5752440235910432
0.0,0.0,0.0,74.55540411285098,8.63454712841681,6.53242732680484,0.596044235267672
0.0,2.0,1.5879126423895222,75.75938177612119,8.703986545033327,6.6785180903440375,0.5895208487543242
0.05,-2.0,4.786039507173945,101.43254855656367,10.071372724537786,7.779709439104401,0.4504186087048113
0.05,0.0,3.198126864784421,87.43690093899944,9.350770071978,7.143628217618735,0.5262497654606613
0.05,2.0,1.6102142223948999,78.48418644115617,8.85913011763323,6.752359995190755,0.5747573240265347
