candidate,model,params,cv_mse,cv_mse_std,cv_mae,cv_r2
37,ridge,"{""alpha"": 316.22776601683796}",76.96017121634809,79.41068433726412,5.792976839941971,0.14988346620282586
38,ridge,"{""alpha"": 1000.0}",78.48545908919627,76.20566025806782,5.800046152184111,0.0910414336267791
36,ridge,"{""alpha"": 100.0}",79.08948889344195,82.0920770212822,6.032578721665367,0.11948936442578012
39,mean_baseline,{},82.09181197639775,72.23737908803102,5.973568638330663,-0.02946070207921081
15,random_forest,"{""min_samples_split"": 2, ""min_samples_leaf"": 20, ""max_features"": 0.6, ""max_depth"": 4}",82.65884980871007,80.90380079743946,6.125161750449534,0.06247386429374838
3,random_forest,"{""min_samples_split"": 2, ""min_samples_leaf"": 20, ""max_features"": 0.6, ""max_depth"": 7}",82.75078174403077,80.8506027715396,6.141001496150736,0.060447148424006863
10,random_forest,"{""min_samples_split"": 10, ""min_samples_leaf"": 20, ""max_features"": 0.6, ""max_depth"": 6}",82.77952831427692,80.8349906659444,6.141717967583862,0.05978669443487061
35,ridge,"{""alpha"": 31.622776601683793}",83.55020525603089,85.05778399732283,6.3876727294945645,0.03869721006917193
2,random_forest,"{""min_samples_split"": 2, ""min_samples_leaf"": 10, ""max_features"": 0.6, ""max_depth"": 4}",87.23327140268654,82.7162189066546,6.21179273015238,-0.01914880283198961
4,random_forest,"{""min_samples_split"": 2, ""min_samples_leaf"": 10, ""max_features"": 0.6, ""max_depth"": 5}",87.4474737180038,82.90271975660693,6.259312979228926,-0.01647288184708126
34,ridge,"{""alpha"": 10.0}",87.48218965881635,88.01444386109175,6.622585711920498,-0.026879676220567028
11,random_forest,"{""min_samples_split"": 2, ""min_samples_leaf"": 20, ""max_features"": 0.8, ""max_depth"": 5}",88.16933591006904,81.12945101792536,6.500347401937622,-0.04544694333466173
9,random_forest,"{""min_samples_split"": 20, ""min_samples_leaf"": 5, ""max_features"": 0.6, ""max_depth"": 6}",88.19602355909909,82.36248155018083,6.309138570821249,-0.03877360547137107
5,random_forest,"{""min_samples_split"": 10, ""min_samples_leaf"": 2, ""max_features"": 0.6, ""max_depth"": 7}",88.43401559706567,83.17904331932942,6.321515816101973,-0.038309715647869474
33,ridge,"{""alpha"": 3.1622776601683795}",89.6470899730779,89.84434430438526,6.733917549859341,-0.05973275805812678
1,random_forest,"{""min_samples_split"": 10, ""min_samples_leaf"": 10, ""max_features"": 0.8, ""max_depth"": 3}",90.16713609872143,83.61424799287475,6.261985295977999,-0.07878845609120413
20,random_forest,"{""min_samples_split"": 20, ""min_samples_leaf"": 10, ""max_features"": 0.8, ""max_depth"": 4}",90.3596233769101,83.65280746002696,6.241126883842201,-0.06506848493315529
32,ridge,"{""alpha"": 1.0}",90.51954692025484,90.62425350997302,6.776633451524379,-0.07228931599720634
17,random_forest,"{""min_samples_split"": 2, ""min_samples_leaf"": 5, ""max_features"": 0.8, ""max_depth"": 4}",90.69444118464753,83.69721149749103,6.245961587797657,-0.07417413166964129
6,random_forest,"{""min_samples_split"": 2, ""min_samples_leaf"": 5, ""max_features"": 0.8, ""max_depth"": 3}",90.70130888954925,83.66798897842445,6.292808853619168,-0.09461900295673781
16,random_forest,"{""min_samples_split"": 10, ""min_samples_leaf"": 5, ""max_features"": 0.8, ""max_depth"": 3}",90.70130888954925,83.66798897842445,6.292808853619168,-0.09461900295673786
31,ridge,"{""alpha"": 0.31622776601683794}",90.82096690839448,90.89946282909435,6.791125576960204,-0.07653664797324167
30,ridge,"{""alpha"": 0.1}",90.91913598719455,90.98973775284539,6.795816286510475,-0.0779099508354659
29,ridge,"{""alpha"": 0.03162277660168379}",90.95047563697331,91.01862383474092,6.797308918340233,-0.0783473334014067
28,ridge,"{""alpha"": 0.01}",90.96041604255144,91.0277927443623,6.797781869324333,-0.07848595940556441
27,ridge,"{""alpha"": 0.0031622776601683794}",90.96356247989192,91.0306956559016,6.797931523794931,-0.07852982823865615
26,ridge,"{""alpha"": 0.001}",90.96455777161019,91.03161398237872,6.797978858127175,-0.07854370392881813
18,random_forest,"{""min_samples_split"": 20, ""min_samples_leaf"": 5, ""max_features"": 0.8, ""max_depth"": 6}",91.37614156865477,82.97917831458663,6.335118054228248,-0.08904379168709053
22,random_forest,"{""min_samples_split"": 2, ""min_samples_leaf"": 2, ""max_features"": 0.8, ""max_depth"": 6}",91.39645272675372,83.58967233284571,6.340197180416185,-0.08334172907613893
12,random_forest,"{""min_samples_split"": 2, ""min_samples_leaf"": 5, ""max_features"": 0.8, ""max_depth"": 7}",91.94848817525158,83.52531111795426,6.356668908320471,-0.09988295738518302
23,random_forest,"{""min_samples_split"": 20, ""min_samples_leaf"": 20, ""max_features"": 1.0, ""max_depth"": 6}",92.25127359294989,84.24947828970885,6.670940206356069,-0.10043907766154811
14,random_forest,"{""min_samples_split"": 10, ""min_samples_leaf"": 20, ""max_features"": 1.0, ""max_depth"": 6}",92.25127359294989,84.24947828970885,6.670940206356069,-0.10043907766154805
13,random_forest,"{""min_samples_split"": 2, ""min_samples_leaf"": 20, ""max_features"": 1.0, ""max_depth"": 4}",92.33045190048642,84.1984869856002,6.666722006788179,-0.10304035617819665
24,random_forest,"{""min_samples_split"": 2, ""min_samples_leaf"": 10, ""max_features"": 1.0, ""max_depth"": 3}",93.30480704398917,86.84302590343357,6.371952761789629,-0.11224461152786908
7,random_forest,"{""min_samples_split"": 2, ""min_samples_leaf"": 2, ""max_features"": 1.0, ""max_depth"": 3}",93.63218581766597,86.4429909180275,6.3944605074536165,-0.1288619298032641
8,random_forest,"{""min_samples_split"": 20, ""min_samples_leaf"": 10, ""max_features"": 1.0, ""max_depth"": 4}",93.99370411192305,86.51668506613322,6.350931367466273,-0.1109428138663946
19,random_forest,"{""min_samples_split"": 2, ""min_samples_leaf"": 2, ""max_features"": 1.0, ""max_depth"": 5}",94.4196975853952,86.51237266100755,6.3915622287907645,-0.1158671261195652
25,random_forest,"{""max_depth"": 5, ""min_samples_leaf"": 1, ""min_samples_split"": 2, ""max_features"": 1.0}",94.7272479708758,86.71399616806751,6.402301380658147,-0.12128062349174903
21,random_forest,"{""min_samples_split"": 10, ""min_samples_leaf"": 2, ""max_features"": 1.0, ""max_depth"": 5}",94.94566388404156,87.11311724845909,6.402260457029481,-0.11978389151473581
